{
    "HistGradientBoosting": {
        "learning_rate": 0.08617528911440171,
        "max_iter": 122,
        "max_leaf_nodes": 25,
        "max_depth": 7,
        "min_samples_leaf": 14,
        "l2_regularization": 1.2021887775383737
    },
    "RandomForest": {
        "n_estimators": 194,
        "max_depth": 12,
        "min_samples_split": 5,
        "min_samples_leaf": 2,
        "max_features": null
    },
    "GradientBoosting": {
        "learning_rate": 0.07394557890599904,
        "n_estimators": 217,
        "max_depth": 5,
        "min_samples_split": 10,
        "min_samples_leaf": 2,
        "subsample": 0.7238129722616937
    },
    "LogisticRegression": {
        "C": 7.568891261692385,
        "penalty": "l2",
        "solver": "liblinear",
        "max_iter": 388
    },
    "XGBClassifier": {
        "n_estimators": 156,
        "max_depth": 10,
        "learning_rate": 0.09402527458200952,
        "subsample": 0.9101557784406703,
        "colsample_bytree": 0.7311692223011678,
        "gamma": 0.12021779769124034
    },
    "LGBMClassifier": {
        "learning_rate": 0.05372546253527757,
        "n_estimators": 274,
        "max_depth": 5,
        "num_leaves": 75,
        "subsample": 0.6679386886385299,
        "colsample_bytree": 0.790719895811263
    }
}